Topic,Words,Frequency,Timestamp
-1,"20, 21 05, 21 05 2024, 22 05, 21",536,2024-05-19 23:38:24.000000000
0,"hamas, israelisch, israel, gazastreifen, haftbefehl",82,2024-05-19 23:38:24.000000000
1,"russisch, ukrainisch, ukraine, russland, putin",59,2024-05-19 23:38:24.000000000
2,"saarland, rheinland pfalz, pfalz, rheinland, unwetter",25,2024-05-19 23:38:24.000000000
3,"trump, donald trump, donald, us präsident, richter",20,2024-05-19 23:38:24.000000000
4,"jähriger, laut polizei, messer, flüchten, krankenhaus",28,2024-05-19 23:38:24.000000000
5,"rechenzentrum, co₂, leistung, heizen, google",6,2024-05-19 23:38:24.000000000
6,"fahrzeug, auto, fußgänger, volkswagen, tesla",15,2024-05-19 23:38:24.000000000
7,"inflation, anleger, analyst, aktie, zentralbank",15,2024-05-19 23:38:24.000000000
8,"geste, renommiert, slogan, fotograf, männlich",3,2024-05-19 23:38:24.000000000
9,"erkrankung, patient, rückstand, expertin, gesund",17,2024-05-19 23:38:24.000000000
10,"nationalität, krah, bundesvorstand, maximilian krah, thüringen",10,2024-05-19 23:38:24.000000000
11,"iran, iranisch, islamisch, absturz, hubschrauber",47,2024-05-19 23:38:24.000000000
12,"film, regisseur, theater, publikum, swr",13,2024-05-19 23:38:24.000000000
13,"tier, wald, biologisch, hund, werkzeug",23,2024-05-19 23:38:24.000000000
14,"apple, browser, preisvergleich, support, watch",12,2024-05-19 23:38:24.000000000
15,"chinesisch, import, china, xi, verboten",17,2024-05-19 23:38:24.000000000
16,"leyen, liberale, sozialdemokrat, eu parlament, ursula leyen",10,2024-05-19 23:38:24.000000000
17,"abschied, league, bundesliga, fc, saison",15,2024-05-19 23:38:24.000000000
18,"bystron, feier, bundesvorstand, krah, verzichten",11,2024-05-19 23:38:24.000000000
19,"newsletter, bezirk, unser newsletter, angebot tagesspiegel, spandau",10,2024-05-19 23:38:24.000000000
20,"rom, open, alexander, turnier, sc",3,2024-05-19 23:38:24.000000000
21,"geflüchtet, arbeitsmarkt, befragt, ost west, beruf",9,2024-05-19 23:38:24.000000000
22,"taiwan, peking, china, provozieren, chinesisch",11,2024-05-19 23:38:24.000000000
23,"basketball, kader, liga, bayer, spieler",5,2024-05-19 23:38:24.000000000
24,"mode, flüssig, louis, übereinstimmend, innerer",1,2024-05-19 23:38:24.000000000
25,"kassel, tatort, landgericht, angeklagter, mord",7,2024-05-19 23:38:24.000000000
26,"republik, spanien, madrid, kongress, prozent stimme",6,2024-05-19 23:38:24.000000000
27,"start up, milliarde dollar, up, dollar, million dollar",13,2024-05-19 23:38:24.000000000
28,"passagier, flugzeug, singapur, flug, maschine",13,2024-05-19 23:38:24.000000000
29,"konservative, konservativ, premierminister, großbritannien, königreich",8,2024-05-19 23:38:24.000000000
30,"buschmann, afghanistan, ausstattung, ausländisch, reisend",2,2024-05-19 23:38:24.000000000
31,"elite, intel, lake, amd, prozessor",9,2024-05-19 23:38:24.000000000
32,"lohn, show, erhöhung, beschäftigter, einkommen",5,2024-05-19 23:38:24.000000000
33,"ursula, newsletter, bad, angebot tagesspiegel, paar",3,2024-05-19 23:38:24.000000000
34,"störung, netz, internet, tv, digital",8,2024-05-19 23:38:24.000000000
35,"song, sendung, interpretieren, superstar, sänger",1,2024-05-19 23:38:24.000000000
36,"real, heim em, fc, bundestrainer, em",10,2024-05-19 23:38:24.000000000
37,"real madrid, madrid, real, fußball em, abschied",5,2024-05-19 23:38:24.000000000
38,"südafrika, parlamentswahl, ex präsident, gefängnis, zwölf monat",4,2024-05-19 23:38:24.000000000
39,"tourist, sturz, jung mann, vermutlich, um leben",3,2024-05-19 23:38:24.000000000
40,"pnn, kiez, kommunalwahl, potsdam, stadtteil",4,2024-05-19 23:38:24.000000000
41,"palästina, anerkennung, irland, anerkennen, norwegen",14,2024-05-19 23:38:24.000000000
42,"mode, museum, kundin, palast, roman",7,2024-05-19 23:38:24.000000000
43,"kirche, distanzieren, schwester, aufsehen, vielfach",3,2024-05-19 23:38:24.000000000
44,"treppe, pass, dach, meter hoch, pnn",5,2024-05-19 23:38:24.000000000
45,"brite, sicherheitskraft, amerikaner, versucht, republik",4,2024-05-19 23:38:24.000000000
46,"microsoft, windows, pcs, entwickler, anwendung",9,2024-05-19 23:38:24.000000000
47,"maier, sächsisch, verfassungsschutz, cannes, film",4,2024-05-19 23:38:24.000000000
48,"führungskraft, rückgängig, manager, düsseldorf, generation",7,2024-05-19 23:38:24.000000000
49,"ceo, rekordwert, boeing, bezahlung, konzernchef",1,2024-05-19 23:38:24.000000000
50,"milliarde euro, milliarde, besetzen, entfallen, einnahme",4,2024-05-19 23:38:24.000000000
52,"digitalisierung, bund, digital, elektronisch, bund land",4,2024-05-19 23:38:24.000000000
53,"verteilung, lastwagen, provisorisch, transport, lieferung",3,2024-05-19 23:38:24.000000000
55,"kiel, fc, trainer, premier, bayern münchen",6,2024-05-19 23:38:24.000000000
56,"cloud, praxis, container, workshop, support",3,2024-05-19 23:38:24.000000000
57,"rente, reform, heil, kabinett, lindner",2,2024-05-19 23:38:24.000000000
59,"potsdamer, wahlkreis, liberale, pnn, potsdam",5,2024-05-19 23:38:24.000000000
60,"landesverband, bündnis sahra wagenknecht, bündnis sahra, bsw, sahra wagenknecht",3,2024-05-19 23:38:24.000000000
61,"siemens, mercedes, extremismus, gleichwohl, stimmabgabe",3,2024-05-19 23:38:24.000000000
62,"zustimmmung extern, laden einverstanden, übermitteln datenschutzerklärung, laden einverstanden extern, zustimmmung",2,2024-05-19 23:38:24.000000000
63,"kim, propaganda, un, staatsmedium, professorin",1,2024-05-19 23:38:24.000000000
64,"planet, effekt, innere, ungewöhnlich, annehmen",1,2024-05-19 23:38:24.000000000
65,"rennen, red, weltmeister, formel, runde",4,2024-05-19 23:38:24.000000000
66,"stadion, senat, zwang, millionen, weichen",2,2024-05-19 23:38:24.000000000
67,"ausschuss, österreichisch, befragung, milliardär, gründer",6,2024-05-19 23:38:24.000000000
68,"klimawandel, demonstrant, altersgruppe, befragter, begriff",2,2024-05-19 23:38:24.000000000
69,"sexuell, klage, sängerin, freundin, model",5,2024-05-19 23:38:24.000000000
70,"boeing, flug, christoph, termin, rakete",2,2024-05-19 23:38:24.000000000
71,"bahn, charlottenburg, messer, linie, josef",7,2024-05-19 23:38:24.000000000
72,"feld, erschüttern, stärke, gipfel, panik",8,2024-05-19 23:38:24.000000000
73,"prinz, heinrich, angeklagter, oberlandesgericht, verteidiger",7,2024-05-19 23:38:24.000000000
74,"kitas, abitur, kita, fachkraft, schicht",3,2024-05-19 23:38:24.000000000
75,"china, taiwan, ferne, herstellung, übung",2,2024-05-19 23:38:24.000000000
76,"van, 000 euro, lisa, marie, budget",3,2024-05-19 23:38:24.000000000
77,"maier, verfassungsschutz, sächsisch, swr, ruhestand",4,2024-05-19 23:38:24.000000000
78,"maria, schlafen, akademie, malen, zimmer",4,2024-05-19 23:38:24.000000000
79,"bonn, halbfinal, partie, best, finale",6,2024-05-19 23:38:24.000000000
80,"regulierung, intelligenz, ai, ki, act",8,2024-05-19 23:38:24.000000000
81,"data, google, cloud, generativ ki, generativ",1,2024-05-19 23:38:24.000000000
82,"dürr, potenzial, reserve, fraktionschef, bundeswehr",2,2024-05-19 23:38:24.000000000
83,"finger, science, wissenschaftler, objekt, forscher",3,2024-05-19 23:38:24.000000000
85,"metropole, neubau, bestand, immobilie, vermieten",3,2024-05-19 23:38:24.000000000
86,"wm, schweiz, weltmeisterschaft, prag, schweizer",6,2024-05-19 23:38:24.000000000
87,"podcast, montag freitag, abonnieren, apps, neuwahl",2,2024-05-19 23:38:24.000000000
88,"verstoß, einbrechen, einführung, erwischen, schriftlich",2,2024-05-19 23:38:24.000000000
89,"schwachstelle, lücke, angreifer, center, data",5,2024-05-19 23:38:24.000000000
90,"tobias, lippe, seite stehen, nervös, applaus",2,2024-05-19 23:38:24.000000000
91,"nvidia, boom, aktie, analyst, chip",2,2024-05-19 23:38:24.000000000
92,"security, workshop, heise, konferenz, bande",3,2024-05-19 23:38:24.000000000
93,"passagier, sommer, geschäftsjahr, prozent million, wert prozent",3,2024-05-19 23:38:24.000000000
95,"cnn, bundesstaat, mehrere mensch, kleinstadt, texas",3,2024-05-19 23:38:24.000000000
96,"office, mail, konto, nordrhein westfalen, westfalen",1,2024-05-19 23:38:24.000000000
97,"einstieg, vorgang, vertraut, drängend, joint",1,2024-05-19 23:38:24.000000000
98,"aktivist, bewegen, klima, olaf scholz, olaf",1,2024-05-19 23:38:24.000000000
99,"tiergarten, innenminister, direktor, amtierend, to",3,2024-05-19 23:38:24.000000000
100,"migrant, recherche, sicherheitskraft, verschleppen, migration",5,2024-05-19 23:38:24.000000000
101,"unruhe, australien, neuseeland, macron, präsident macron",2,2024-05-19 23:38:24.000000000
104,"prinz, oberlandesgericht, heinrich, angeklagter, frankfurt main",2,2024-05-19 23:38:24.000000000
106,"bekämpfung, euro zahlen, systematisch, personell, financial",4,2024-05-19 23:38:24.000000000
107,"bundesstaat, besitz, us bundesstaat, gesetzentwurf, substanz",1,2024-05-19 23:38:24.000000000
108,"autonom, menschheit, ki, autor, science",4,2024-05-19 23:38:24.000000000
111,"ortschaft, weigern, stärke, erschüttern, unbekannte",3,2024-05-19 23:38:24.000000000
114,"high, court, julian, gründer, australier",10,2024-05-19 23:38:24.000000000
115,"höcke, kommunalwahl, thüringer, stark kraft, landtagswahl",1,2024-05-19 23:38:24.000000000
117,"buschmann, standard, verzichten, einhalten, bundesjustizminister",2,2024-05-19 23:38:24.000000000
118,"rom, open, alexander, triumph, roland",3,2024-05-19 23:38:24.000000000
119,"chatgpt, ai, open, turbo, generativ ki",3,2024-05-19 23:38:24.000000000
-1,"grundgesetz, 24 05 2024, 24 05, 24, wohnung",433,2024-05-22 03:25:42.857142784
0,"gazastreifen, rafah, hamas, israelisch, israel",55,2024-05-22 03:25:42.857142784
1,"ukrainisch, russisch, putin, russland, ukraine",38,2024-05-22 03:25:42.857142784
2,"gewitter, starkregen, grad, feuer, unwetter",8,2024-05-22 03:25:42.857142784
3,"trump, donald trump, flagge, donald, republikanisch",12,2024-05-22 03:25:42.857142784
4,"lkw, unfall, jähriger, fahrer, polizei",26,2024-05-22 03:25:42.857142784
5,"erneuerbar, erneuerbar energie, energie, industrie, strom",15,2024-05-22 03:25:42.857142784
6,"fahrzeug, tesla, ford, fußgänger, elektrisch",12,2024-05-22 03:25:42.857142784
7,"inflation, zins, anleger, zentralbank, punkt",14,2024-05-22 03:25:42.857142784
8,"parole, rassistisch, grölen, sylt, rassismus",13,2024-05-22 03:25:42.857142784
9,"erkrankung, kontakt, bundesstaat, chronisch, patient",14,2024-05-22 03:25:42.857142784
10,"rassemblement, rassemblement national, le pen, pen, rn",7,2024-05-22 03:25:42.857142784
11,"hubschrauber, absturz, iran, iranisch, insasse",5,2024-05-22 03:25:42.857142784
12,"tragödie, regisseur, super, theater, morgan",6,2024-05-22 03:25:42.857142784
13,"tier, krank, sammeln, fett, experte sehen",3,2024-05-22 03:25:42.857142784
14,"apple, datenbank, app, preisvergleich, panel",7,2024-05-22 03:25:42.857142784
15,"komponente, china, chinesisch, finanzminister, halbleiter",6,2024-05-22 03:25:42.857142784
16,"id, delegation, fraktion, ausschluss, krah",14,2024-05-22 03:25:42.857142784
17,"bayer, liga, fc, nico, georg",7,2024-05-22 03:25:42.857142784
18,"deutsch bank, bank, rolf, hund, it",6,2024-05-22 03:25:42.857142784
19,"manfred, dr, wissenschaft, portal, österreichisch",7,2024-05-22 03:25:42.857142784
20,"turnier, alexander, paris, halbfinal, open",3,2024-05-22 03:25:42.857142784
21,"arbeitsmarkt, geflüchtet, arbeitnehmer, job, überdurchschnittlich",6,2024-05-22 03:25:42.857142784
22,"taiwan, peking, china, manöver, insel",13,2024-05-22 03:25:42.857142784
23,"bayer, bochum, olympia, spaß, hofmann",8,2024-05-22 03:25:42.857142784
24,"fair, demokratisch partei, sachlich, demokratisch, partei",9,2024-05-22 03:25:42.857142784
25,"gefängnis, american, pflanze, lebensgefährlich, haft",7,2024-05-22 03:25:42.857142784
26,"mexiko, bühne, wahlkampfveranstaltung, san, unglück",5,2024-05-22 03:25:42.857142784
27,"investor, start up, bahn, milliarde euro, milliarde",7,2024-05-22 03:25:42.857142784
28,"passagier, singapur, flug, operieren, maschine",4,2024-05-22 03:25:42.857142784
29,"konservative, großbritannien, premierminister, parlamentswahl, konservativ",13,2024-05-22 03:25:42.857142784
30,"afghanistan, tourist, dreieck, neuköllner, antisemitisch",6,2024-05-22 03:25:42.857142784
31,"nvidia, prozessor, intel, arm, chip",4,2024-05-22 03:25:42.857142784
32,"deutsch bank, bank, metall, standort, merz",10,2024-05-22 03:25:42.857142784
33,"angehörige, mutter, pflegen, der, www",7,2024-05-22 03:25:42.857142784
34,"vorsicht, vertrag, kunde, podcast, dienst",3,2024-05-22 03:25:42.857142784
35,"swift, song, taylor, ehemann, paul",5,2024-05-22 03:25:42.857142784
36,"dfb, fan, anhänger, friedrichshain, partie",2,2024-05-22 03:25:42.857142784
37,"double, endspiel, partie, schwach, leistung",1,2024-05-22 03:25:42.857142784
39,"restaurant, trümmer, strand, de, stock",12,2024-05-22 03:25:42.857142784
40,"pnn, potsdam, winter, wichtig thema, bündnis",4,2024-05-22 03:25:42.857142784
41,"anerkennung, palästina, spanien, irland, norwegen",5,2024-05-22 03:25:42.857142784
42,"box, kiosk, künstler, londoner, atelier",6,2024-05-22 03:25:42.857142784
43,"kirche, wunder, carlo, evangelisch, gott",5,2024-05-22 03:25:42.857142784
44,"bahn, zug, fahrt, deutsch bahn, streichen",5,2024-05-22 03:25:42.857142784
45,"mädchen, dorf, hamburger, hochzeit, verheerend",4,2024-05-22 03:25:42.857142784
46,"windows, microsoft, update, office, entwickler",9,2024-05-22 03:25:42.857142784
47,"schüler, heinz, josef, grundgesetz, frankfurter",3,2024-05-22 03:25:42.857142784
48,"zufällig, kaffee, baustelle, job, kreativ",2,2024-05-22 03:25:42.857142784
49,"insolvenz, filiale, jack, lieferant, gmbh",1,2024-05-22 03:25:42.857142784
50,"landesregierung, einnahme, schuld, kredit, haushalt",5,2024-05-22 03:25:42.857142784
51,"illustrieren, vorsitz, verfassung, versammlung, ausschuss",1,2024-05-22 03:25:42.857142784
52,"werbung, dokumentation, bundesverband, digitalisierung, verordnung",2,2024-05-22 03:25:42.857142784
53,"einführung, bundesrat, versicherung, saarland, belastung",1,2024-05-22 03:25:42.857142784
55,"trainer, vincent, rechtsaußen, verpflichtung, jubiläum",1,2024-05-22 03:25:42.857142784
56,"change, zone, material, stabil, support",2,2024-05-22 03:25:42.857142784
57,"lindner, milliarde euro, verlangen, milliarde, einigung",1,2024-05-22 03:25:42.857142784
58,"arena, probieren, final, friedrichshain, halbfinal",3,2024-05-22 03:25:42.857142784
59,"pnn, potsdamer, potsdam, affäre, oberbürgermeister",4,2024-05-22 03:25:42.857142784
60,"ns, grundgesetz, rat, lehre, verkörpern",2,2024-05-22 03:25:42.857142784
61,"marc, botschafter, swr, beharrlich, grundgesetz",4,2024-05-22 03:25:42.857142784
62,"werkzeug, anpassen, farbe, korrigieren, lippe",1,2024-05-22 03:25:42.857142784
64,"stern, planet, loch, entstehung, licht",7,2024-05-22 03:25:42.857142784
66,"feld, abgeordnetenhaus, senat, entwurf, schwarz rot",3,2024-05-22 03:25:42.857142784
67,"halbjahr, einigung, raum stehen, staatsanwaltschaft, hauptversammlung",1,2024-05-22 03:25:42.857142784
68,"report, gesundheit, klimawandel, forschend, fazit",1,2024-05-22 03:25:42.857142784
69,"sängerin, light, musiker, band, musik",4,2024-05-22 03:25:42.857142784
70,"erde, instrument, senden, befehl, entfernung",1,2024-05-22 03:25:42.857142784
72,"gipfel, ausbruch, berg, rekord, anzeichen",2,2024-05-22 03:25:42.857142784
73,"prinz, bystron, verteidiger, heinrich, angeklagter",4,2024-05-22 03:25:42.857142784
74,"schülerin schüler, schülerin, kita, schüler, lernen",3,2024-05-22 03:25:42.857142784
75,"zeugen, china, chinesisch, verstörend, spitzen",2,2024-05-22 03:25:42.857142784
76,"golf, pariser, dame, olympisch spiel, erhöht",2,2024-05-22 03:25:42.857142784
77,"verfassungsschutz, grundgesetz, maier, sächsisch, dresdner",8,2024-05-22 03:25:42.857142784
78,"bild zeigen, quer, 17 mai, andauern, schlange",1,2024-05-22 03:25:42.857142784
80,"verwaltung, experimentieren, ki anwendung, intelligent, existenz",1,2024-05-22 03:25:42.857142784
81,"google, browser, com, pur, ai",7,2024-05-22 03:25:42.857142784
82,"litauen, lindner, zeitenwende, bundeswehr, verteidigungsminister",3,2024-05-22 03:25:42.857142784
83,"wissenschaftler, methode, musk, forscher, technology",4,2024-05-22 03:25:42.857142784
84,"wahlkampfveranstaltung, linken, unbekannte, ermittlungsverfahren, beschwerde",2,2024-05-22 03:25:42.857142784
85,"zweifeln, immobilie, lohnen, viertel, zins",3,2024-05-22 03:25:42.857142784
86,"wm, schweizer, schweiz, weltmeisterschaft, tschechien",3,2024-05-22 03:25:42.857142784
87,"podcast, montag freitag, abonnieren, apps, neuwahl",2,2024-05-22 03:25:42.857142784
88,"freigabe, konsum, gramm, innenministerium, gesetz",2,2024-05-22 03:25:42.857142784
89,"schwachstelle, attacke, angreifer, download, lücke",2,2024-05-22 03:25:42.857142784
90,"zoo, konrad, wolf, david, josef",3,2024-05-22 03:25:42.857142784
91,"nvidia, umsatz, übertreffen, milliarde dollar, chip",7,2024-05-22 03:25:42.857142784
92,"it, workshop, security, mainz, business",3,2024-05-22 03:25:42.857142784
93,"kaffee, service, gratis, deutlich niedrig, tochtergesellschaft",1,2024-05-22 03:25:42.857142784
94,"richtlinie, eu staat, existenziell, beschließen, endgültig",4,2024-05-22 03:25:42.857142784
95,"kilometer pro, pro stunde, sturm, aufweisen, la",1,2024-05-22 03:25:42.857142784
96,"unlängst, erpressen, cyberangriff, russland ukraine, freiheitlich",1,2024-05-22 03:25:42.857142784
97,"aufsichtsrat, einstieg, milliardär, tschechisch, metall",6,2024-05-22 03:25:42.857142784
98,"scholz, aktivist, danken, kampagne, wolfgang",2,2024-05-22 03:25:42.857142784
99,"finanzministerium, bezahlung, personalie, bedenken, staatssekretär",1,2024-05-22 03:25:42.857142784
100,"konservative, großbritannien, migrant, verabschiedet, boot",1,2024-05-22 03:25:42.857142784
101,"unruhe, macron, australien, befürworter, ruhe",5,2024-05-22 03:25:42.857142784
103,"fitness, überwinden, alkohol, mann frau, krankheit",1,2024-05-22 03:25:42.857142784
104,"stuttgart, haft verurteilen, polizeibeamter, verurteilen, rechtskräftig",2,2024-05-22 03:25:42.857142784
108,"weitreichend, intelligenz, künstlich intelligenz, rahmenbedingung, update",1,2024-05-22 03:25:42.857142784
109,"sächsisch, supermarkt, mario, afd politiker, politiker",3,2024-05-22 03:25:42.857142784
110,"who, jugendliche, kind jugendliche, jung erwachsene, gehirn",2,2024-05-22 03:25:42.857142784
111,"polizei mitteilen, flamme, feuerwehr, box, feuer",2,2024-05-22 03:25:42.857142784
112,"deutsch bank, museum, bank, rolf, frankfurt",5,2024-05-22 03:25:42.857142784
113,"plus prozent, nationalität, bundesamt, vorjahr, schutz",2,2024-05-22 03:25:42.857142784
114,"eingriff, übergeben, gesundheitszustand, informieren, minister",1,2024-05-22 03:25:42.857142784
115,"verfassung, ddr, grundgesetz, einheit, volk",3,2024-05-22 03:25:42.857142784
117,"schuldenbremse, prozent stimme, bonn, umfrage, grundgesetz",4,2024-05-22 03:25:42.857142784
118,"hammer, open, alexander, rom, nummer eins",1,2024-05-22 03:25:42.857142784
119,"ai, ersatz, feedback, gerät, smartphone",1,2024-05-22 03:25:42.857142784
-1,"25 05, 25 05 2024, 26 05 2024, 26 05, barcelona",236,2024-05-24 06:51:25.714285824
0,"rafah, gazastreifen, israelisch, israel, hamas",38,2024-05-24 06:51:25.714285824
1,"ukrainisch, russisch, russisch angriff, ukraine, territorium",25,2024-05-24 06:51:25.714285824
2,"autobahn, grad, fabian, starkregen, gewitter",7,2024-05-24 06:51:25.714285824
3,"trump, donald trump, donald, republikaner, präsident donald trump",9,2024-05-24 06:51:25.714285824
4,"schwer verletzen, krankenhaus, autofahrer, polizei, baum",11,2024-05-24 06:51:25.714285824
5,"einbinden, üblicherweise, co₂, kombinieren, verwendung",1,2024-05-24 06:51:25.714285824
6,"fahrzeug, weiten, untersuchung, elektrisch, meter",4,2024-05-24 06:51:25.714285824
7,"landesamt, wohnung, 26 05 2024, 26 05, hervorgehen",1,2024-05-24 06:51:25.714285824
8,"sylt, parole, rassistisch, grölen, bar",12,2024-05-24 06:51:25.714285824
9,"patient, schwanger, woraufhin, fortan, überleben",6,2024-05-24 06:51:25.714285824
10,"kandidat, thüringen, bsw, stadtrat, stichwahl",5,2024-05-24 06:51:25.714285824
11,"regime, gucken, ideologie, versammeln, unterstützer",1,2024-05-24 06:51:25.714285824
12,"regisseur, film, cannes, jury, taylor",9,2024-05-24 06:51:25.714285824
13,"dieter, pflanze, rufe, braun, unweit",3,2024-05-24 06:51:25.714285824
15,"jung mensch, unzufriedenheit, wohlstand, unsicherheit, einhalten",1,2024-05-24 06:51:25.714285824
17,"em, abschied, bundestrainer, dfb, wiesbaden",4,2024-05-24 06:51:25.714285824
18,"wahrheit, stets, aussage, mann, lösung",1,2024-05-24 06:51:25.714285824
19,"licht, ball, ermordet, saal, gast",4,2024-05-24 06:51:25.714285824
20,"roland, open, runde, turnier, carlos",3,2024-05-24 06:51:25.714285824
21,"statistisch bundesamt, lohn, beruf, senken, verdienen",5,2024-05-24 06:51:25.714285824
22,"taiwan, peking, china, zweitägig, insel",6,2024-05-24 06:51:25.714285824
23,"bayer, pokal, fc, dfb, fußball",9,2024-05-24 06:51:25.714285824
24,"urban, krah, afd, sächsisch, eigens",6,2024-05-24 06:51:25.714285824
25,"the guardian, guardian, stundenlang, psychologisch, strafverfahr",2,2024-05-24 06:51:25.714285824
26,"herzen, nerv, geduld, gouverneur, annahme",1,2024-05-24 06:51:25.714285824
27,"lake, software, hauptversammlung, darmstadt, zugrunde",1,2024-05-24 06:51:25.714285824
28,"flugzeug, maschine, flug, irisch, flughafen",5,2024-05-24 06:51:25.714285824
29,"sozialdemokrat, großbritannien, premierminister, umfrage zufolge, kontrahent",2,2024-05-24 06:51:25.714285824
32,"französisch, air, deutsche, berater, kölner",5,2024-05-24 06:51:25.714285824
33,"urban, verdienen, 25 05, 25 05 2024, ticket",3,2024-05-24 06:51:25.714285824
34,"messenger, internet, oh, research, kommunikation",5,2024-05-24 06:51:25.714285824
35,"liebe, lied, richard, song, toujours",9,2024-05-24 06:51:25.714285824
36,"league, fc, dieter, bundesliga, einfach mal",4,2024-05-24 06:51:25.714285824
37,"real, real madrid, madrid, träne, heim em",4,2024-05-24 06:51:25.714285824
38,"südafrika, humor, dirk, schreibtisch, stimme",2,2024-05-24 06:51:25.714285824
39,"restaurant, de, gebäude, unglück, trümmer",7,2024-05-24 06:51:25.714285824
40,"tanz, potsdamer, potsdam, pnn, baustelle",3,2024-05-24 06:51:25.714285824
41,"irland, spanien, rafah, beharren, offensive",1,2024-05-24 06:51:25.714285824
42,"john, sammlung, superstar, ausstellung, schönheit",1,2024-05-24 06:51:25.714285824
44,"variante, wiesbaden, 000 euro, alternativ, kilometer lang",2,2024-05-24 06:51:25.714285824
45,"provinz, dorf, australisch, um leben kommen, leben kommen",8,2024-05-24 06:51:25.714285824
47,"stichwahl, neonazi, landrat, thüringer, litauen",3,2024-05-24 06:51:25.714285824
48,"rolf, pflegen, alltag, glück, kümmern",6,2024-05-24 06:51:25.714285824
50,"alliance, wofür, jung leute, konto, urlaub",1,2024-05-24 06:51:25.714285824
51,"indisch, indien, kopieren, parlamentswahl, nervös",2,2024-05-24 06:51:25.714285824
53,"cdu fraktion, steuer, wiesbadener, kooperation, steuerzahler",1,2024-05-24 06:51:25.714285824
55,"vincent, belgisch, fc bayern, verpflichtung, einigen",3,2024-05-24 06:51:25.714285824
57,"christian lindner, finanzminister, studie zeigen, lindner, aktuell studie",2,2024-05-24 06:51:25.714285824
58,"arena, griechisch, basketball, final, auseinandersetzung",6,2024-05-24 06:51:25.714285824
59,"aushandeln, quote, bewältigen, spd politikerin, erbe",1,2024-05-24 06:51:25.714285824
60,"macron, demokratiefest, deutsch französisch, staatsbesuch, französisch",7,2024-05-24 06:51:25.714285824
61,"steinmeier, macron, staatsbesuch, frank walter, bundespräsident frank",5,2024-05-24 06:51:25.714285824
62,"fotograf, kamera, tiefe, sensor, bild",4,2024-05-24 06:51:25.714285824
64,"karte, drauf, finger, stein, partie",1,2024-05-24 06:51:25.714285824
65,"rennen, formel, charles, sieg, red",9,2024-05-24 06:51:25.714285824
66,"feld, senat, schwarz rot, transparent, 26 05 2024",1,2024-05-24 06:51:25.714285824
67,"sichtlich, worauf, berater, bewerben, vergangen",1,2024-05-24 06:51:25.714285824
68,"demokratiefest, katastrophe, global, drohend, such",2,2024-05-24 06:51:25.714285824
69,"kiosk, haftbefehl, gestalt, nase, böse",1,2024-05-24 06:51:25.714285824
71,"kontrast, aufregung, fahren, 26 05, 26 05 2024",1,2024-05-24 06:51:25.714285824
76,"kevin, one, street journal, wall street journal, journal",5,2024-05-24 06:51:25.714285824
77,"verdreifachen, sachlich, holger, auffällig, präsenz",1,2024-05-24 06:51:25.714285824
78,"antik, klaus, ausstellung, nackt, jury",3,2024-05-24 06:51:25.714285824
79,"flensburg, european, mathias, tor, treffer",5,2024-05-24 06:51:25.714285824
84,"walter, einschüchtern, politikerin politiker, appellieren, tat",2,2024-05-24 06:51:25.714285824
86,"schweizer, wm, tschechien, weltmeisterschaft, schweiz",4,2024-05-24 06:51:25.714285824
88,"letzter woche, 25 05 2024, 25 05, spaß, 05 2024 08",1,2024-05-24 06:51:25.714285824
90,"akademie, kunst, musik, ngo, künstler",1,2024-05-24 06:51:25.714285824
91,"misstrauen, balance, zuversicht, nüchtern, mitmachen",2,2024-05-24 06:51:25.714285824
94,"unternehmerisch, garantieren, ökologisch, nachhaltig, institution",1,2024-05-24 06:51:25.714285824
95,"texas, sturm, todesopfer, lahmlegen, bestätigt",1,2024-05-24 06:51:25.714285824
99,"innenminister, extremist, regeln, zugang, vertraulich",2,2024-05-24 06:51:25.714285824
100,"reibungslos, auto, klappen, hauptstadt, elektrisch",1,2024-05-24 06:51:25.714285824
101,"neuseeland, australien, unruhe, tourist, frankreich",2,2024-05-24 06:51:25.714285824
103,"vernetzen, geduld, tochter, heimisch, schmidt",1,2024-05-24 06:51:25.714285824
104,"erpressen, wiener, wien, einblick, jung mann",1,2024-05-24 06:51:25.714285824
107,"gouverneur, bundesstaat, medikament, kalifornien, us bundesstaat",2,2024-05-24 06:51:25.714285824
109,"niedersächsisch, politikerin, grünen, attacke, arme",5,2024-05-24 06:51:25.714285824
112,"rhein, jung alt, besucher, zahlreich mensch, franziska",1,2024-05-24 06:51:25.714285824
115,"31 mai, 25 05 2024, 25 05, 10 000, anmelden",1,2024-05-24 06:51:25.714285824
116,"macron, französisch präsident, merkel, französisch, angela merkel",3,2024-05-24 06:51:25.714285824
117,"werner, kasse, ruhestand, rendite, erbe",1,2024-05-24 06:51:25.714285824
118,"prinz, united, englisch, george, freude",1,2024-05-24 06:51:25.714285824
-1,"27 05, 27 05 2024, 28 05, 28 05 2024, macron",412,2024-05-26 10:17:08.571428608
0,"rafah, luftangriff, israelisch, hamas, syrien",63,2024-05-26 10:17:08.571428608
1,"nato, russland, ukrainisch, russisch, ukraine",37,2024-05-26 10:17:08.571428608
2,"gewitter, wasser, fluß, regen, keller",14,2024-05-26 10:17:08.571428608
3,"trump, jury, anwalt, zahlung, donald trump",7,2024-05-26 10:17:08.571428608
4,"jähriger, bundespolizei, bezirk, stehlen, unfall",13,2024-05-26 10:17:08.571428608
5,"co₂, strom, genehmigen, lkw, eu kommission",10,2024-05-26 10:17:08.571428608
6,"vw, elektrisch, hybrid, fahrzeug, tesla",13,2024-05-26 10:17:08.571428608
7,"zins, inflation, anleger, zentralbank, aktie",11,2024-05-26 10:17:08.571428608
8,"rassistisch, sylt, parole, grölen, ausländer",20,2024-05-26 10:17:08.571428608
9,"diagnose, bauch, breiten, behandlung, start up",10,2024-05-26 10:17:08.571428608
10,"stichwahl, kandidat, landrat, thüringen, amtsinhaber",10,2024-05-26 10:17:08.571428608
11,"iran, kilogramm, iranisch, führer, ali",4,2024-05-26 10:17:08.571428608
12,"film, oper, kino, star, regisseur",7,2024-05-26 10:17:08.571428608
13,"gramm, baum, fällen, tier, forscher",11,2024-05-26 10:17:08.571428608
14,"apple, usb, preisvergleich, watch, app",11,2024-05-26 10:17:08.571428608
15,"china, big, chinesisch, chip, fund",8,2024-05-26 10:17:08.571428608
16,"le pen, befragter, pen, le, eu parlament",8,2024-05-26 10:17:08.571428608
17,"bochum, bundesliga, düsseldorfer, red, düsseldorf",6,2024-05-26 10:17:08.571428608
18,"kündigung, nackt, macron, dresden, insolvenz",11,2024-05-26 10:17:08.571428608
19,"ulrich, traditionell, fisch, spandau, august",9,2024-05-26 10:17:08.571428608
20,"open, roland, aufschlag, satz, spanier",8,2024-05-26 10:17:08.571428608
21,"fachkraft, weber, arbeitgeber, arbeitsmarkt, führungskraft",8,2024-05-26 10:17:08.571428608
22,"taiwan, hongkong, parlament, peking, china",4,2024-05-26 10:17:08.571428608
23,"bochum, wiesbadener, düsseldorfer, 66, hofmann",6,2024-05-26 10:17:08.571428608
24,"thüringen, bsw, premier, wahlprogramm, journalist",7,2024-05-26 10:17:08.571428608
25,"lebenslang, landgericht, leiche, münchner, echt",2,2024-05-26 10:17:08.571428608
26,"schwester, schimpfen, vertraute, robust, aufsteigen",2,2024-05-26 10:17:08.571428608
27,"private, fonds, bank, unterlage, prüfung",5,2024-05-26 10:17:08.571428608
28,"rakete, flug, flugzeug, durchmesser, missen",2,2024-05-26 10:17:08.571428608
29,"premierminister, konservativ, königreich, massenhaft, wiederwahl",3,2024-05-26 10:17:08.571428608
30,"afghanistan, terroristisch, moskau, streichen, terror",5,2024-05-26 10:17:08.571428608
31,"server, prozessor, led, preisvergleich, desktop",4,2024-05-26 10:17:08.571428608
32,"bank, private, kauf, deutsch bank, übernahme",6,2024-05-26 10:17:08.571428608
33,"rbb, berlin brandenburg, brandenburg, überzogen, unterkunft",5,2024-05-26 10:17:08.571428608
34,"mobil, anbieter, netz, mast, internet",12,2024-05-26 10:17:08.571428608
35,"swift, song, hit, lied, toujours",8,2024-05-26 10:17:08.571428608
36,"müller, bundestrainer, em, dfb, turnier",5,2024-05-26 10:17:08.571428608
37,"real, real madrid, halbfinal, champion league, league",2,2024-05-26 10:17:08.571428608
38,"afrika, südafrika, el, südlich, korruption",2,2024-05-26 10:17:08.571428608
39,"stock, restaurant, unglück, bürgermeister, lokal",5,2024-05-26 10:17:08.571428608
40,"wahlkreis, pnn, ortsteil, potsdam, potsdamer",5,2024-05-26 10:17:08.571428608
41,"palästina, anerkennen, norwegen, anerkennung, irland",7,2024-05-26 10:17:08.571428608
42,"erfindung, aufnahme, foto, akademie, franz",9,2024-05-26 10:17:08.571428608
43,"kirche, entschuldigen, aufarbeitung, italienisch, beleidigen",8,2024-05-26 10:17:08.571428608
44,"bahn, deutsch bahn, zug, fahrrad, zustand",7,2024-05-26 10:17:08.571428608
45,"verheerend, dorf, provinz, australisch, trümmer",10,2024-05-26 10:17:08.571428608
46,"microsoft, pass, power, app, top",3,2024-05-26 10:17:08.571428608
47,"stichwahl, thüringen, afd, landtagswahl, kommunalwahl",5,2024-05-26 10:17:08.571428608
48,"situation, erarbeiten, betrachten, ruhig, gegenseitig",3,2024-05-26 10:17:08.571428608
49,"insolvenz, eigentümer, sanierung, essen, unternehmer",7,2024-05-26 10:17:08.571428608
50,"jahreswechsel, anheben, lindner, minister, anstieg",3,2024-05-26 10:17:08.571428608
52,"elektronisch, digitalisierung, müller, irisch, digital",2,2024-05-26 10:17:08.571428608
53,"us militär, küste, lastwagen, provisorisch, lkw",1,2024-05-26 10:17:08.571428608
54,"gefälscht, publik, kriminelle, konto, beschlagnahmen",4,2024-05-26 10:17:08.571428608
55,"vincent, verpflichtung, trainer, fc, heinz",4,2024-05-26 10:17:08.571428608
56,"cloud, service, workshop, container, server",7,2024-05-26 10:17:08.571428608
58,"conference, basketball, final, griechisch, trophäe",6,2024-05-26 10:17:08.571428608
59,"höcke, landtagswahl, thüringen, kommunalwahl, björn höcke",5,2024-05-26 10:17:08.571428608
60,"ermordet, landtag, wähler, macron, ehren",3,2024-05-26 10:17:08.571428608
61,"helmut, jean, coup, augenhöhe, erich",2,2024-05-26 10:17:08.571428608
62,"cool, portal, macher, lustig, betrieb nehmen",2,2024-05-26 10:17:08.571428608
63,"japan, explodieren, rakete, japanisch, kim",6,2024-05-26 10:17:08.571428608
64,"planet, stern, atmosphäre, loch, nächtlich",5,2024-05-26 10:17:08.571428608
65,"charles, formel, rennen, langweilig, sieg",3,2024-05-26 10:17:08.571428608
66,"plakat, handelskammer, 10 juni, senat, worüber",4,2024-05-26 10:17:08.571428608
67,"bürokratie, nerv, regulierung, rest, einheit",1,2024-05-26 10:17:08.571428608
68,"for, fabian, klimakris, profilieren, klimapolitik",1,2024-05-26 10:17:08.571428608
69,"swift, taylor, kiosk, konzert, sängerin",2,2024-05-26 10:17:08.571428608
70,"boeing, rakete, fliegen, start, mission",5,2024-05-26 10:17:08.571428608
71,"bahnhof, friedrich, 10 juni, eingang, straße",2,2024-05-26 10:17:08.571428608
72,"ausbrechen, aktivität, forschend, mechanismus, planet",3,2024-05-26 10:17:08.571428608
73,"prinz, studium, vorsitzend, vereinigung, oberlandesgericht",4,2024-05-26 10:17:08.571428608
74,"fachkraft, zeigen aktuell, studie zeigen, zuwanderung, aktuell studie",2,2024-05-26 10:17:08.571428608
75,"zoo, baum, geliebt, jährig bestehen, ideal",1,2024-05-26 10:17:08.571428608
76,"werk, circa, bonn, stilllegen, nordrhein westfalen",1,2024-05-26 10:17:08.571428608
77,"rechtswidrig, verzicht, außerordentlich, potsdamer, konfrontieren",1,2024-05-26 10:17:08.571428608
78,"schlafen, maria, export, bedürfnis, jenseits",2,2024-05-26 10:17:08.571428608
81,"google, viral, lächerlich, screenshot, generiert",2,2024-05-26 10:17:08.571428608
82,"bundeswehr, verteidigungsminister, präsidium, boris, freiwillig",7,2024-05-26 10:17:08.571428608
83,"studie, rekord, professor, forscher, gerät",3,2024-05-26 10:17:08.571428608
85,"schrecken, erstmal, erholung, moderat, neubau",4,2024-05-26 10:17:08.571428608
86,"tschechien, wm, weltmeisterschaft, weltmeister, schweiz",2,2024-05-26 10:17:08.571428608
87,"podcast, montag freitag, abonnieren, inwiefern, apps",1,2024-05-26 10:17:08.571428608
88,"irgendwelcher, lager, paket, zoll, südamerika",2,2024-05-26 10:17:08.571428608
89,"schwachstelle, angreifer, attacke, ansetzen, over",2,2024-05-26 10:17:08.571428608
90,"akademie, ngo, kunst, diskurs, vize",3,2024-05-26 10:17:08.571428608
92,"workshop, it, industriell, prüfung, anforderung",2,2024-05-26 10:17:08.571428608
93,"kaffee, gratis, getränk, kostenlos, klasse",1,2024-05-26 10:17:08.571428608
94,"verordnung, richtlinie, reparatur, nachhaltigkeit, produkt",2,2024-05-26 10:17:08.571428608
95,"texas, sturm, bundesstaat, mindestens mensch, unwetter",6,2024-05-26 10:17:08.571428608
98,"begleitung, klimawandel, 49, wolfgang, medizinisch",2,2024-05-26 10:17:08.571428608
99,"dick, niederlande, geheimdienst, justizministerium, regierungschef",5,2024-05-26 10:17:08.571428608
100,"recherche, regime, fc bayern, jens, the",1,2024-05-26 10:17:08.571428608
101,"unruhe, befürworter, frankreich, entsenden, heben",2,2024-05-26 10:17:08.571428608
104,"rechtsextremistisch, rechtsradikal, amour toujours, toujours, amour",2,2024-05-26 10:17:08.571428608
106,"unterschätzen, nächster schritt, euro zahlen, zweieinhalb, bekämpfung",6,2024-05-26 10:17:08.571428608
108,"vermarkten, künstliche intelligenz, künstliche, intelligenz, intelligenz ki",2,2024-05-26 10:17:08.571428608
112,"andré, weiße, freundlich, halb, präsenz",1,2024-05-26 10:17:08.571428608
113,"syrien, vergleich vorjahr, steigen prozent, rumänien, zuwanderung",6,2024-05-26 10:17:08.571428608
115,"kommunalwahl thüringen, thüringen, kommunalwahl, welle, blau",2,2024-05-26 10:17:08.571428608
116,"macron, steinmeier, westfälisch, französisch präsident, merkel",5,2024-05-26 10:17:08.571428608
117,"vogel, verordnung, minister, rücktritt, landesregierung",1,2024-05-26 10:17:08.571428608
118,"open, roland, 15 000, alexander, unbeeindruckt",1,2024-05-26 10:17:08.571428608
119,"chatgpt, openai, ki, spezialist, generativ ki",4,2024-05-26 10:17:08.571428608
-1,"30 05, 30 05 2024, 29 05 2024, 29 05, 29",353,2024-05-28 13:42:51.428571392
0,"ägypten, rafah, israelisch, hamas, tunnel",45,2024-05-28 13:42:51.428571392
1,"nato, waffe, ukraine, ukrainisch, russland",52,2024-05-28 13:42:51.428571392
2,"grad, gewitter, liter, temperatur, quadratmeter",11,2024-05-28 13:42:51.428571392
3,"trump, donald trump, donald, jury, schuldig",25,2024-05-28 13:42:51.428571392
4,"unfall, fahrer, charlottenburg, insasse, geschwindigkeit",15,2024-05-28 13:42:51.428571392
5,"co₂, erneuerbar, energie, erneuerbar energie, bundesregierung",25,2024-05-28 13:42:51.428571392
6,"vw, blume, akkus, volkswagen, tonne",17,2024-05-28 13:42:51.428571392
7,"inflation, quartal, minus, plus prozent, plus",18,2024-05-28 13:42:51.428571392
8,"sylt, ausländer, rassistisch, raus, pfingst",9,2024-05-28 13:42:51.428571392
9,"krankheit, methode, covid, beschleunigt, diagnose",8,2024-05-28 13:42:51.428571392
10,"europawahl, ehrenamt, kommune, wagenknecht, zufrieden",9,2024-05-28 13:42:51.428571392
11,"bewerber, ideologisch, moderat, anmelden, nachfolger",1,2024-05-28 13:42:51.428571392
12,"merkel, ulrich, schauspieler, angela merkel, angela",8,2024-05-28 13:42:51.428571392
13,"tier, könig, garten, charles, heimisch",8,2024-05-28 13:42:51.428571392
14,"apple, preisvergleich, app, chatgpt, support",9,2024-05-28 13:42:51.428571392
15,"xi, china, arabisch, chinesisch, peking",13,2024-05-28 13:42:51.428571392
16,"aufruf, liberal, ökonom, misstrauen, populist",1,2024-05-28 13:42:51.428571392
17,"fc bayern, hotel, vincent, olympia, borussia dortmund",7,2024-05-28 13:42:51.428571392
18,"thomas, metropole, schicht, heinz, unwetter",6,2024-05-28 13:42:51.428571392
19,"spandau, messe, gewitter, rathaus, tipp",5,2024-05-28 13:42:51.428571392
20,"court, herbert, open, gegner, runde",6,2024-05-28 13:42:51.428571392
21,"studierend, arbeitskraft, befragter, befragt, gehalt",6,2024-05-28 13:42:51.428571392
22,"hongkong, taiwan, peking, schuldig, angeklagter",5,2024-05-28 13:42:51.428571392
23,"schröder, eintracht, bundesliga, fc, markus",6,2024-05-28 13:42:51.428571392
24,"krah, afd spitzenkandidat, ss, europaparlament, sahra wagenknecht",5,2024-05-28 13:42:51.428571392
25,"gewalttat, unterkunft, gelände, auseinandersetzung, staatsanwaltschaft",7,2024-05-28 13:42:51.428571392
26,"sanktion, mexiko, attentat, aufheben, willkommen",2,2024-05-28 13:42:51.428571392
27,"musk, tesla, elon musk, elon, aushandeln",3,2024-05-28 13:42:51.428571392
28,"flugzeug, passagier, flug, american, flughafen",9,2024-05-28 13:42:51.428571392
29,"großbritannien, britisch, konservative, königreich, parlamentswahl",7,2024-05-28 13:42:51.428571392
31,"arm, prozessor, chip, kern, lake",5,2024-05-28 13:42:51.428571392
32,"gründer, royal, übernahme, günther, frankfurter",5,2024-05-28 13:42:51.428571392
33,"ausstellung, rentner, kind, straßenbahn, echtzeit",6,2024-05-28 13:42:51.428571392
34,"störung, beheben, mobil, netz, messenger",6,2024-05-28 13:42:51.428571392
35,"king, time, song, anna, schauspielerin",3,2024-05-28 13:42:51.428571392
36,"olympia, meisterschaft, halle, nachwuchs, nationalspieler",2,2024-05-28 13:42:51.428571392
38,"südafrika, absolut mehrheit, absolut, mehrheit, parlamentswahl",7,2024-05-28 13:42:51.428571392
39,"bürgermeister, gebühr, protestieren, unglück, übermäßig",3,2024-05-28 13:42:51.428571392
40,"potsdam, wahlkreis, bezahlbar, pnn, betreuung",7,2024-05-28 13:42:51.428571392
41,"irland, norwegen, anerkennung, spanien, anerkennen",2,2024-05-28 13:42:51.428571392
42,"messe, art, paris, ns, kunst",3,2024-05-28 13:42:51.428571392
43,"kirche, erfurt, missbrauch, frieden, glaube",5,2024-05-28 13:42:51.428571392
45,"mediziner, bande, provinz, verzögern, nahrung",4,2024-05-28 13:42:51.428571392
46,"windows, microsoft, update, app, android",3,2024-05-28 13:42:51.428571392
47,"neukölln, neuköllner, christdemokrat, thüringer, landesweit",2,2024-05-28 13:42:51.428571392
48,"hals, karriere, brennen, lust, wahrscheinlichkeit",2,2024-05-28 13:42:51.428571392
49,"webseite, gegenmaßnahme, betreiber, million us dollar, million us",1,2024-05-28 13:42:51.428571392
50,"komplexität, ungeachtet, bundesrat, ausüben, kompliziert",1,2024-05-28 13:42:51.428571392
52,"medizin, digital, goethe, digitalisierung, event",4,2024-05-28 13:42:51.428571392
54,"beschlagnahmen, schlag, strafverfolgungsbehörde, kriminell, adresse",11,2024-05-28 13:42:51.428571392
55,"vincent, fc bayern, trainer, fc, bayern",4,2024-05-28 13:42:51.428571392
56,"cloud, workshop, festival, google ireland, google ireland limited",3,2024-05-28 13:42:51.428571392
57,"rente, ii, heil, lindner, rentner",16,2024-05-28 13:42:51.428571392
58,"griechisch, conference, verlängerung, el, league",3,2024-05-28 13:42:51.428571392
59,"wahlkreis, fahrplan, oberbürgermeister, oberbürgermeister mike, ausgeprägt",2,2024-05-28 13:42:51.428571392
61,"deutschland frankreich, macron, staatsbesuch, frankreich, scholz",2,2024-05-28 13:42:51.428571392
62,"brille, don, lenken, gestaltung, verändert",2,2024-05-28 13:42:51.428571392
63,"müll, kim, schicken, sturz, grenze",8,2024-05-28 13:42:51.428571392
64,"stern, planet, unerwartet, james, existenz",2,2024-05-28 13:42:51.428571392
66,"spandau, bezirk, filiale, newsletter, senat",2,2024-05-28 13:42:51.428571392
67,"ausschuss, aussagen, ex, tätigen, geschäft",5,2024-05-28 13:42:51.428571392
68,"for, bewältigung, klimaschutz, klima, europawahl",3,2024-05-28 13:42:51.428571392
70,"instrument, wolke, darmstadt, sonne, rakete",4,2024-05-28 13:42:51.428571392
71,"bahn, bus, sperren, bahnhof, deutsch bahn",5,2024-05-28 13:42:51.428571392
72,"island, ausbruch, ausbrechen, länge, evakuieren",4,2024-05-28 13:42:51.428571392
73,"angeklagter, beschuldigter, ermitteln, flughafen, männlich",2,2024-05-28 13:42:51.428571392
74,"bezirk, anweisen, haushalt, kind jugendliche, unterschied",2,2024-05-28 13:42:51.428571392
76,"instrument, john, gleichnamig, 600, euro pro",2,2024-05-28 13:42:51.428571392
77,"höcke, verboten, björn höcke, spruch, afd politiker",2,2024-05-28 13:42:51.428571392
78,"tanz, van, rom, künstler, übergehen",2,2024-05-28 13:42:51.428571392
79,"rhythmus, bonn, heimspiel, halle, mannschaft",1,2024-05-28 13:42:51.428571392
80,"investition, ökosystem, eid, vage, stufe",3,2024-05-28 13:42:51.428571392
81,"google, versehentlich, internetseite, dokumentation, branche",3,2024-05-28 13:42:51.428571392
82,"bundeswehr, protokoll, boris, verteidigungsminister, präsidium",4,2024-05-28 13:42:51.428571392
83,"daume, hand, forscher, wissenschaftler, durchführen",2,2024-05-28 13:42:51.428571392
85,"lohnen, miete, deutlich erhöhen, preis, immobilie",4,2024-05-28 13:42:51.428571392
87,"podcast, freundin, montag freitag, vergeben, abonnieren",2,2024-05-28 13:42:51.428571392
88,"konsum, substanz, arbeitnehmer, arbeitgeber, kündigung",2,2024-05-28 13:42:51.428571392
89,"angreifer, attacke, entwickler, aktualisiert, schwachstelle",3,2024-05-28 13:42:51.428571392
91,"pcs, ki anwendung, milliarde us dollar, milliarde us, laptop",1,2024-05-28 13:42:51.428571392
92,"pdf, it, workshop, baustelle, schwachstelle",4,2024-05-28 13:42:51.428571392
93,"rekord, budget, preis, teuer, 05 2024 10",1,2024-05-28 13:42:51.428571392
95,"texas, dach, heftig, stürmen, wind",2,2024-05-28 13:42:51.428571392
96,"archiv, zielgerichtet, betreiber, verlag, internet",1,2024-05-28 13:42:51.428571392
97,"gewerkschaft, stahl, schwäbisch, einstieg, metall",4,2024-05-28 13:42:51.428571392
98,"wolfgang, scholz, aktivist, appellieren, klimawandel",2,2024-05-28 13:42:51.428571392
99,"dick, weitestgehend, personalie, regierungschef, niederländer",1,2024-05-28 13:42:51.428571392
102,"rauch, präsidentin, antisemitisch, post, antisemitismus",3,2024-05-28 13:42:51.428571392
103,"pandemie, corona, corona pandemie, mensch deutschland, fühlen",7,2024-05-28 13:42:51.428571392
105,"borussia dortmund, borussia, dortmund, sponsor, bvb",10,2024-05-28 13:42:51.428571392
106,"warnung, anleger, lukrativ, rendite, aufsicht",1,2024-05-28 13:42:51.428571392
107,"abgeordnetenhaus, verabschieden, endgültig, spanien, spanisch",6,2024-05-28 13:42:51.428571392
109,"volkswagen, anstehen, nervös, banner, sicherheitsvorkehrung",1,2024-05-28 13:42:51.428571392
110,"konsumieren, konsum, fußballer, abhängigkeit, studie",3,2024-05-28 13:42:51.428571392
115,"dresden, europawahl juni, nrw, nordrhein westfalen, europawahl",1,2024-05-28 13:42:51.428571392
116,"münster, ost west, osteuropa, niedergang, dreitägig",2,2024-05-28 13:42:51.428571392
118,"open, belgier, konzentration, ikone, runde",2,2024-05-28 13:42:51.428571392
119,"chatgpt, generativ ki, generativ, medizin, openai",2,2024-05-28 13:42:51.428571392
-1,"31 05, 31 05 2024, 31, kapitel, 01 06",297,2024-05-30 17:08:34.285714176
0,"hamas, gazastreifen, biden, waffenstillstand, freilassung",23,2024-05-30 17:08:34.285714176
1,"waffe, russisch, nato, ukrainisch, ukraine",52,2024-05-30 17:08:34.285714176
2,"landkreis, liter, hochwasser, fluß, quadratmeter",25,2024-05-30 17:08:34.285714176
3,"trump, schuldig, donald trump, donald, urteil",44,2024-05-30 17:08:34.285714176
4,"krankenhaus, unfall, jähriger, verletzung, schwer verletzen",13,2024-05-30 17:08:34.285714176
5,"erneuerbar, erneuerbar energie, energie, anlage, ausbau",12,2024-05-30 17:08:34.285714176
6,"tonne, fahrzeug, mercedes, volkswagen, zweieinhalb",5,2024-05-30 17:08:34.285714176
7,"inflation, lebensmittel, verbraucher, prozent anteil, quartal",4,2024-05-30 17:08:34.285714176
8,"eric, vincent, sylt, hölle, rassismus",6,2024-05-30 17:08:34.285714176
9,"schwanger, gen, medikament, fisch, konzentration",5,2024-05-30 17:08:34.285714176
10,"grüne, csu, europawahl, nationalistisch, strack",9,2024-05-30 17:08:34.285714176
11,"moderat, priorität, bewerben, sanktion, iran",2,2024-05-30 17:08:34.285714176
12,"baby, theater, regisseur, premiere, inszenieren",7,2024-05-30 17:08:34.285714176
13,"wald, heimisch, pflanze, wiese, links",7,2024-05-30 17:08:34.285714176
14,"apple, vision, preisvergleich, app, heise",4,2024-05-30 17:08:34.285714176
15,"chinesisch, china, zoll, import, souveränität",6,2024-05-30 17:08:34.285714176
16,"to, the, and, are, by",9,2024-05-30 17:08:34.285714176
17,"lizenz, verbleib, bedingung, klub, hamburger",1,2024-05-30 17:08:34.285714176
18,"musik, gewinn, auszahlen, gewinner, mutig",9,2024-05-30 17:08:34.285714176
19,"drohne, 31 05, 31 05 2024, architekt, lebensmittel",9,2024-05-30 17:08:34.285714176
20,"alexander, roland, satz, open, runde",11,2024-05-30 17:08:34.285714176
21,"befristet, gehalt, arbeitsmarkt, bezahlt, gen",3,2024-05-30 17:08:34.285714176
22,"woche monat, meer, asien, eskalation, la",1,2024-05-30 17:08:34.285714176
23,"eintracht, mütter, bezahlung, bezahlt, trainer",6,2024-05-30 17:08:34.285714176
24,"ortsteil, kommunalwahl thüringen, kommunalwahl, linkspartei, gültig",6,2024-05-30 17:08:34.285714176
25,"kanadisch, familiär, schuß, mord, ermordung",7,2024-05-30 17:08:34.285714176
26,"mexiko, claudia, manuel, 01 06 2024, kandidatinn",4,2024-05-30 17:08:34.285714176
28,"boeing, flugzeug, flug, zwischenfall, maschine",2,2024-05-30 17:08:34.285714176
30,"mannheim, islamistisch, motiv, marktplatz, polizist",7,2024-05-30 17:08:34.285714176
31,"amd, intel, arm, alias, nvidia",1,2024-05-30 17:08:34.285714176
32,"transaktion, 10 000, verdächtig, überwachen, vorschrift",2,2024-05-30 17:08:34.285714176
33,"gebet, müller, freitagnachmittag, wilmersdorf, mädchen",2,2024-05-30 17:08:34.285714176
34,"fernseher, preisvergleich, empfang, tv, leinwand",1,2024-05-30 17:08:34.285714176
35,"song, toujours, amour toujours, amour, lied",7,2024-05-30 17:08:34.285714176
36,"fc, pokal, heimspiel, jena, stadion",4,2024-05-30 17:08:34.285714176
37,"bvb, real, champions, champions league, madrid",8,2024-05-30 17:08:34.285714176
38,"südafrika, absolut mehrheit, absolut, parlamentswahl, koalition",7,2024-05-30 17:08:34.285714176
39,"zusammenleben, guardian, verbannen, verordnung, bürgermeister",1,2024-05-30 17:08:34.285714176
40,"potsdam, pnn, garten, potsdamer, kiez",3,2024-05-30 17:08:34.285714176
41,"anerkennung, palästina, anerkennen, irland, norwegen",1,2024-05-30 17:08:34.285714176
42,"ausstellung, matt, künstler, erfindung, box",6,2024-05-30 17:08:34.285714176
43,"kirche, evangelisch, erfurt, gemeinde, minderheit",5,2024-05-30 17:08:34.285714176
44,"transport, lkw, tunnel, zug, nahverkehr",3,2024-05-30 17:08:34.285714176
45,"schleppend, uno, leiche, dringend, geschehen",1,2024-05-30 17:08:34.285714176
46,"microsoft, cloud, home, windows, einigung",4,2024-05-30 17:08:34.285714176
47,"weiß haus, afd, wähler, landtagswahl, stark kraft",4,2024-05-30 17:08:34.285714176
48,"trauen, kündigung, arbeitgeber, wechseln, jung mensch",1,2024-05-30 17:08:34.285714176
49,"insolvenz, kalifornisch, klage, sexuell, anmelden",1,2024-05-30 17:08:34.285714176
50,"ausgabe, steuerzahler, landtag, fotograf, arbeitnehmer",6,2024-05-30 17:08:34.285714176
51,"indien, wahlsieg, amtszeit, indisch, premierminister",4,2024-05-30 17:08:34.285714176
52,"vorschrift, empfindlich, geistig, online plattform, marktplatz",4,2024-05-30 17:08:34.285714176
54,"kopieren, käufer, adresse, kriminell, windows",5,2024-05-30 17:08:34.285714176
55,"fc bayern, bayern münchen, vincent, weltmeister, fc",3,2024-05-30 17:08:34.285714176
56,"cloud, version, datenbank, source, container",4,2024-05-30 17:08:34.285714176
58,"conference, finale, dirk, ära, anthony",2,2024-05-30 17:08:34.285714176
59,"wahlkreis, stern, unzufriedenheit, veränderung, kommunalwahl",1,2024-05-30 17:08:34.285714176
60,"kai, regierend, day, street, eröffnen",2,2024-05-30 17:08:34.285714176
61,"achtzigerjahr, räumlich, prägend, buch, verdienst",1,2024-05-30 17:08:34.285714176
62,"kamera, fotograf, bild, ii, sensor",5,2024-05-30 17:08:34.285714176
63,"triumph, unterstreichen, ernsthaft, tatsache, niemals",1,2024-05-30 17:08:34.285714176
64,"aufnahme, kamera, spektrum, kompensieren, sichtbar",1,2024-05-30 17:08:34.285714176
66,"ticket, senator, teilnehmen, abgeordnetenhaus, europameisterschaft",3,2024-05-30 17:08:34.285714176
68,"demonstration, for, klimaschutz, bewältigung, klimakris",8,2024-05-30 17:08:34.285714176
69,"sängerin, stein, band, taylor, schauspielerin",4,2024-05-30 17:08:34.285714176
70,"abbrechen, boeing, aufbrechen, start, transportieren",4,2024-05-30 17:08:34.285714176
71,"straßenbahn, spenden, vorhanden, hergestellt, zug",1,2024-05-30 17:08:34.285714176
73,"ruhen, afd politiker, kennzeichen, bayerisch, staatsanwaltschaft",1,2024-05-30 17:08:34.285714176
74,"ingenieur, buchstäblich, vehement, kinder, leben retten",4,2024-05-30 17:08:34.285714176
75,"kilogramm, landung, premiere, klappen, historisch",1,2024-05-30 17:08:34.285714176
76,"300 000, 300, van, sammlung, 500 000",1,2024-05-30 17:08:34.285714176
78,"brücke, imago, ufer, schmidt, akademie",3,2024-05-30 17:08:34.285714176
79,"bayern münchen, final, play, off, münchen",1,2024-05-30 17:08:34.285714176
81,"lizenz, google, antwort, generiert, software",2,2024-05-30 17:08:34.285714176
83,"oberfläche, halt, wissenschaftler, forscher, bein",2,2024-05-30 17:08:34.285714176
84,"mutmaßlich täter, bundestagsabgeordneter, politikerin politiker, täter, potsdam",5,2024-05-30 17:08:34.285714176
85,"grundstück, immobilie, quadratmeter, steuer, kauf",1,2024-05-30 17:08:34.285714176
87,"podcast, abonnieren, bitte, verpassen, apps",3,2024-05-30 17:08:34.285714176
88,"konsument, konsum, alkohol, toleranz, konsumieren",2,2024-05-30 17:08:34.285714176
90,"heise, ddr, film, thomas, stau",2,2024-05-30 17:08:34.285714176
91,"primär, preisvergleich, halbjahr, nvidia, quartal",2,2024-05-30 17:08:34.285714176
92,"maschine, schmidt, mittelständisch, auftrag, aufwendig",1,2024-05-30 17:08:34.285714176
93,"praktik, spanisch, ministerium, passagier, strafe",1,2024-05-30 17:08:34.285714176
94,"reparatur, richtlinie, transparent, produkt, mitgliedsstaat",1,2024-05-30 17:08:34.285714176
96,"sicherheitsbehörde, erklären sprecher, verfassungsschutz, professionell, innenministerium",6,2024-05-30 17:08:34.285714176
97,"magdeburg, intel, sc, arena, wachsen",1,2024-05-30 17:08:34.285714176
98,"wolfgang, aktivist, scholz, nahrung, kampagne",2,2024-05-30 17:08:34.285714176
102,"rauch, präsidentin, gremium, antisemitisch, post",6,2024-05-30 17:08:34.285714176
107,"korruption, 06 2024 12, spanien, europawahl juni, 01 06 2024",1,2024-05-30 17:08:34.285714176
108,"intelligenz, künstlich intelligenz, ki anwendung, medizin, künstlich",2,2024-05-30 17:08:34.285714176
109,"marie, anscheinend, beschimpfen, verkörpern, niedersächsisch",1,2024-05-30 17:08:34.285714176
110,"jugendliche, kind jugendliche, koalitionsvertrag, werbung, präsent",5,2024-05-30 17:08:34.285714176
112,"höchst, gegend, könig, stoff, franz",1,2024-05-30 17:08:34.285714176
113,"abschiebung, stichtag, bundestag, befristet, mitte juni",1,2024-05-30 17:08:34.285714176
117,"oberbürgermeister mike, eintritt, kosten euro, weisen vorwurf, kostenfrei",1,2024-05-30 17:08:34.285714176
-1,"06, 06 2024, 04, 04 06, 03",517,2024-06-01 20:34:17.142857216
0,"hamas, gazastreifen, israelisch, biden, freilassung",41,2024-06-01 20:34:17.142857216
1,"ukrainisch, russisch, russland, ukraine, waffe",43,2024-06-01 20:34:17.142857216
2,"hochwasser, starkregen, landkreis, wasser, baden",74,2024-06-01 20:34:17.142857216
3,"trump, donald trump, biden, donald, schuldig",19,2024-06-01 20:34:17.142857216
4,"unfall, jähriger, polizei, wagen, krankenhaus",30,2024-06-01 20:34:17.142857216
5,"erneuerbar, erneuerbar energie, energie, co₂, ausbau",29,2024-06-01 20:34:17.142857216
6,"tesla, model, vw, auto, produktion",17,2024-06-01 20:34:17.142857216
7,"aktie, zentralbank, börse, zins, inflation",11,2024-06-01 20:34:17.142857216
8,"parole, melodie, sylt, singen, ard",4,2024-06-01 20:34:17.142857216
9,"patient, million dollar, zusprechen, verursachen, dollar",5,2024-06-01 20:34:17.142857216
10,"kanzler, scholz, kandidat, europawahl, spitzenkandidat",12,2024-06-01 20:34:17.142857216
11,"kandidieren, antreten, ausschließen, kandidat, iranisch",1,2024-06-01 20:34:17.142857216
12,"maria, dame, royal, fernsehen, helmut",10,2024-06-01 20:34:17.142857216
13,"art, biologisch, tier, labor, heimisch",4,2024-06-01 20:34:17.142857216
14,"apple, preisvergleich, app, tv, android",13,2024-06-01 20:34:17.142857216
15,"tiktok, us regierung, weitreichend, chinesisch, washington",3,2024-06-01 20:34:17.142857216
16,"merz, europäisch parlament, ursula leyen, europaparlament, parlament",11,2024-06-01 20:34:17.142857216
17,"em, kader, fußball, tor, bundestrainer",13,2024-06-01 20:34:17.142857216
18,"turbo, gewinn, auszahlen, geflüchtet, gewinner",8,2024-06-01 20:34:17.142857216
19,"forschen, gymnasium, jugend, messerattacke, rbb",8,2024-06-01 20:34:17.142857216
20,"roland, open, satz, court, italiener",16,2024-06-01 20:34:17.142857216
21,"arbeitsmarkt, arbeitgeber, beschäftigter, fachkraft, arbeitskraft",12,2024-06-01 20:34:17.142857216
22,"taiwan, peking, china, chinesisch, friedlich",7,2024-06-01 20:34:17.142857216
23,"dfb, tor, manuel, partie, schwung",6,2024-06-01 20:34:17.142857216
24,"strack, strack zimmermann, zimmermann, krah, vorsitz",12,2024-06-01 20:34:17.142857216
25,"tatort, schuß, ehefrau, festnehmen, messerattacke",13,2024-06-01 20:34:17.142857216
26,"mexiko, claudia, präsidentin, manuel, migrant",25,2024-06-01 20:34:17.142857216
27,"fonds, aktie, investor, versicherer, bund",15,2024-06-01 20:34:17.142857216
28,"drohne, flugzeug, boeing, flug, mission",7,2024-06-01 20:34:17.142857216
29,"konservative, großbritannien, parlamentswahl, britisch, konservativ",9,2024-06-01 20:34:17.142857216
30,"afghanistan, abschiebung, mannheim, islamistisch, polizist",21,2024-06-01 20:34:17.142857216
31,"amd, intel, lake, kern, prozessor",18,2024-06-01 20:34:17.142857216
32,"aktie, chemie, beschäftigter, bund, gewerkschaft",6,2024-06-01 20:34:17.142857216
33,"dieter, baum, berlin brandenburg, verlag, ukrainer",11,2024-06-01 20:34:17.142857216
34,"bildschirm, echtzeit, treffer, bahnhof, übertragen",1,2024-06-01 20:34:17.142857216
35,"song, musiker, trick, spruch, fan",2,2024-06-01 20:34:17.142857216
36,"tor, manuel, dfb, em, nationalmannschaft",7,2024-06-01 20:34:17.142857216
37,"real, real madrid, madrid, bvb, dortmund",14,2024-06-01 20:34:17.142857216
38,"südafrika, absolut mehrheit, absolut, mehrheit, parlamentswahl",11,2024-06-01 20:34:17.142857216
39,"brücke, tourismus, steuern, ersatz, portugal",2,2024-06-01 20:34:17.142857216
40,"pnn, potsdamer, kiez, kommunalwahl, stadtteil",6,2024-06-01 20:34:17.142857216
41,"anerkennung, opposition, irland, norwegen, abstimmung",2,2024-06-01 20:34:17.142857216
43,"kirche, evangelisch, erfurt, 40 000, ausdruck",6,2024-06-01 20:34:17.142857216
44,"strecke, bahn, zug, deutsch bahn, schwäbisch",9,2024-06-01 20:34:17.142857216
46,"microsoft, schweden, tech, hunderttausend, point",3,2024-06-01 20:34:17.142857216
47,"schmidt, strack zimmermann, strack, zimmermann, neustart",8,2024-06-01 20:34:17.142857216
48,"profil, expertin, führungskraft, archiv, kompetenz",7,2024-06-01 20:34:17.142857216
49,"insolvenz, reise, amtsgericht, haftbefehl, hannover",15,2024-06-01 20:34:17.142857216
50,"heil, rentner, schuld, schuldenbremse, hessen",5,2024-06-01 20:34:17.142857216
51,"indien, indisch, sitz, mehrheit, amtszeit",17,2024-06-01 20:34:17.142857216
52,"digital, rezept, elektronisch, digitalisierung, indikator",8,2024-06-01 20:34:17.142857216
53,"versicherung, hochwasser, süddeutschland, steuerzahler, überschwemmung",18,2024-06-01 20:34:17.142857216
54,"kriminelle, erpressen, adresse, archiv, kriminell",4,2024-06-01 20:34:17.142857216
55,"trainer, vincent, bochum, bayern münchen, city",3,2024-06-01 20:34:17.142857216
56,"cloud, workshop, lizenz, support, desktop",4,2024-06-01 20:34:17.142857216
57,"kabinett, spd grüne fdp, grüne fdp, streit, finanz",2,2024-06-01 20:34:17.142857216
58,"meisterschaft, olympisch spiel, dirk, olympisch, rekord",2,2024-06-01 20:34:17.142857216
59,"oberbürgermeister, potsdam, wichtig thema, kommunalwahl, potsdamer",4,2024-06-01 20:34:17.142857216
60,"verstorben, österreich, ernennung, friedrich merz, wien",4,2024-06-01 20:34:17.142857216
61,"day, john, robert, strand, landung",4,2024-06-01 20:34:17.142857216
62,"wolke, manfred, ddr, fotograf, schulz",5,2024-06-01 20:34:17.142857216
63,"müll, schicken, kim, provokation, grenze",5,2024-06-01 20:34:17.142857216
64,"steve, instrument, entdeckung, phänomen, strömen",3,2024-06-01 20:34:17.142857216
65,"formel, red, weltmeister, rennen, sekunde",3,2024-06-01 20:34:17.142857216
66,"senat, bezirk, umweltschutz, friedrichshain, natur",4,2024-06-01 20:34:17.142857216
67,"aufsichtsrat, hauptversammlung, sichten, pleite, nachfolge",5,2024-06-01 20:34:17.142857216
68,"jugend, wahlbeteiligung, klimawandel, ideologisch, for",2,2024-06-01 20:34:17.142857216
69,"verdammt, sängerin, lächerlich, schauspielerin, musik",3,2024-06-01 20:34:17.142857216
70,"zeitplan, flug, zuversichtlich, rakete, mitgliedstaat",2,2024-06-01 20:34:17.142857216
71,"leipziger, friedrich, straße, sperren, dreieck",2,2024-06-01 20:34:17.142857216
72,"flüssig, vorkommen, orientieren, speichern, sobald",1,2024-06-01 20:34:17.142857216
74,"kita, kitas, fachkraft, herkunft, studie zufolge",4,2024-06-01 20:34:17.142857216
75,"rückseite, mission, erde, chinesisch, landung",12,2024-06-01 20:34:17.142857216
76,"sammlung, 000 euro, stuttgarter, käufer, schenken",4,2024-06-01 20:34:17.142857216
77,"maier, ruhestand, freiheitlich, richter, grundgesetz",1,2024-06-01 20:34:17.142857216
78,"hans, glück, prinz, theater, felix",2,2024-06-01 20:34:17.142857216
79,"halbfinal, play, off, basketball, berliner",3,2024-06-01 20:34:17.142857216
80,"intelligenz, betrieb, künstliche intelligenz, künstliche, bildung",4,2024-06-01 20:34:17.142857216
81,"web, google, you, alternativ, zufrieden",1,2024-06-01 20:34:17.142857216
83,"malen, sprung, forscher, springen, wissenschaftler",2,2024-06-01 20:34:17.142857216
84,"walter, steinmeier, kassel, bundespräsident, mord",6,2024-06-01 20:34:17.142857216
87,"podcast, schröder, montag freitag, abonnieren, sauer",4,2024-06-01 20:34:17.142857216
88,"million us dollar, million us, strafbar, unterricht, kammer",3,2024-06-01 20:34:17.142857216
89,"angreifer, schwachstelle, ausführen, attacke, entwickler",2,2024-06-01 20:34:17.142857216
90,"bauer, katharina, 10 juni, partnerin, schauspielerin",3,2024-06-01 20:34:17.142857216
92,"security, workshop, tour, heise, stuttgart",1,2024-06-01 20:34:17.142857216
93,"pleite, insolvenz, reise, zulegen, gewinn",7,2024-06-01 20:34:17.142857216
94,"süd, tonne, zurücknehmen, niederlande, landgericht",5,2024-06-01 20:34:17.142857216
96,"cdu, point, attacke, einsehbar, verfassungsschutz",4,2024-06-01 20:34:17.142857216
97,"magdeburg, intel, fabrik, schulz, wirtschaftsminister",1,2024-06-01 20:34:17.142857216
98,"aktivist, wolfgang, akut, kampagne, initiative",4,2024-06-01 20:34:17.142857216
99,"ausgerichtet, demokratisch partei, alliance, tokio, ewig",1,2024-06-01 20:34:17.142857216
100,"to, and, the, with, are",5,2024-06-01 20:34:17.142857216
101,"australien, australisch, neuseeland, staatsbürgerschaft, voraussetzung",2,2024-06-01 20:34:17.142857216
102,"rauch, präsidentin, antisemitisch, universität, kai",4,2024-06-01 20:34:17.142857216
103,"alkohol, diagnose, verzögerung, jeder mal, behandlung",3,2024-06-01 20:34:17.142857216
104,"prinz, beschuldigter, heinrich, sachsen, durchsuchen",5,2024-06-01 20:34:17.142857216
105,"sponsor, düsseldorfer, selbstverständlichkeit, dortmund, rheinisch",2,2024-06-01 20:34:17.142857216
106,"kredit, sorgfältig, irreführend, mangelnd, bundesverband",1,2024-06-01 20:34:17.142857216
107,"lockern, verbrechen, organisiert, opposition, groß herausforderung",1,2024-06-01 20:34:17.142857216
108,"wissenschaftler, drohne, aufspüren, university of, herkömmlich",2,2024-06-01 20:34:17.142857216
109,"schreiben plattform, mutmaßlich täter, cdu politiker, soweit, innenministerin nancy",1,2024-06-01 20:34:17.142857216
110,"mischen, studie, mitunter, kreativ, derartig",1,2024-06-01 20:34:17.142857216
111,"feuerwehr, brand, feuer, ausgebildet, bitte",6,2024-06-01 20:34:17.142857216
112,"eisen, atelier, künstler, freilich, figur",3,2024-06-01 20:34:17.142857216
113,"hilfsorganisation, olympisch spiel, olympisch, le, prekär",2,2024-06-01 20:34:17.142857216
115,"green, lehrerin, nachhaltig, optimismus, stocken",2,2024-06-01 20:34:17.142857216
117,"werner, holprig, jens, bruder, portal",1,2024-06-01 20:34:17.142857216
118,"open, alexander, turnier, nochmal, graf",2,2024-06-01 20:34:17.142857216
